{
    "type": "choice",
    "tag": "android",
    "difficulty": "1",
    "from": "网络整理",
    "description": "关于res/raw目录说法正确的是()",
    "answer": "A、这里的文件是原封不动的存储到设备上不会转换为二进制的格式\nB、这里的文件是原封不动的存储到设备上会转换为二进制的格式\nC、这里的文件最终以二进制的格式存储到指定的包中\nD、这里的文件最终不会以二进制的格式存储到指定的包中\n```\n\n答案：A"
}