{
    "type": "choice",
    "tag": "android",
    "difficulty": "1",
    "from": "网络整理",
    "description": "\nandroid 关于service生命周期的onCreate()和onStart()说法正确的是()(多选题)\n",
    "answer": "答案：AD",
    "options": [
        "A、当第一次启动的时候先后调用onCreate()和onStart()方法",
        "B、当第一次启动的时候只会调用onCreate()方法",
        "C、如果service已经启动，将先后调用onCreate()和onStart()方法",
        "D、如果service已经启动，只会执行onStart()方法，不在执行onCreate()方法"
    ]
}