{
    "type": "choice",
    "tag": "android",
    "difficulty": "1",
    "from": "网络整理",
    "description": "在SQL Server 2005中运行如下T-SQL语句，假定SALES表中有多行数据，执行查询之后的结果是（）。",
    "answer": "BEGIN TRANSACTION A\n\tUpdate SALES Set qty=30 WHERE qty<30\n\tBEGIN TRANSACTION B\n\t\tUpdate SALES Set qty=40 WHERE qty<40\n\t\tUpdate SALES Set qty=50 WHERE qty<50\n\t\tUpdate SALES Set qty=60 WHERE qty<60\n\tCOMMIT　TRANSACTION B\nCOMMIT TRANSACTION A\nA、SALES表中qty列最小值大于等于30\nB、SALES表中qty列最小值大于等于40\nC、SALES表中qty列的数据全部为50\nD、SALES表中qty列最小值大于等于60\n```\n\n答案：D"
}