{
    "type": "choice",
    "tag": "android",
    "difficulty": "1",
    "from": "网络整理",
    "description": "\n下列对android NDK的理解正确的是()\n",
    "answer": "答案：ABCD",
    "options": [
        "A、NDK是一系列工具的集合",
        "B、NDK 提供了一份稳定、功能有限的 API 头文件声明。",
        "C、使 “Java+C” 的开发方式终于转正，成为官方支持的开发方式",
        "D、NDK 将是 Android 平台支持 C 开发的开端"
    ]
}