{
    "type": "choice",
    "tag": "android",
    "difficulty": "1",
    "from": "网络整理",
    "description": "下列属于SAX解析xml文件的优点的是()",
    "answer": "A、将整个文档树在内存中，便于操作，支持删除，修改，重新排列等多种功能\nB、不用事先调入整个文档，占用资源少\nC、整个文档调入内存，浪费时间和空间\nD、不是长久驻留在内存，数据不是持久的，事件过后，若没有保存数据，数据就会消失\n```\n\n答案：B"
}