{
    "type": "choice",
    "tag": "android",
    "difficulty": "1",
    "from": "网络整理",
    "description": "java.io包中定义了多个流类型来实现输入和输出功能，可以从不同的角度对其进行分类,按功能分为：(),如果为读取的内容进行处理后再输出，需要使用下列哪种流？()\n\nA、输入流和输出流  \nB、字节流和字符流  \nC、节点流和处理流  \nD、File stream  \nE、Pipe stream  \nF、Random stream  \nG、Filter stream",
    "answer": "答案：C,G"
}