{
    "type": "choice",
    "tag": "android",
    "difficulty": "1",
    "from": "网络整理",
    "description": "android 中下列属于Intent的作用的是()\n\nA、实现应用程序间的数据共享\nB、是一段长的生命周期，没有用户界面的程序，可以保持应用在后台运行，而不会因为切换页面而消失\nC、可以实现界面间的切换，可以包含动作和动作数据，连接四大组件的纽带\nD、处理一个应用程序整体性的工作",
    "answer": "答案：C"
}