{
    "type": "choice",
    "tag": "android",
    "difficulty": "1",
    "from": "网络整理",
    "description": "\n下面在AndroidManifest.xml文件中注册BroadcastReceiver方式正确的()\n",
    "answer": "答案：A",
    "options": [
        "A、\n<receiver android:name=\"NewBroad\">\n\t<intent-filter>\n\t\t<action\n\t\t   android:name=\"android.provider.action.NewBroad\"/>\n\t\t<action>\n\t</intent-filter>\n</receiver>",
        "B、\n<receiver android:name=\"NewBroad\">\n\t<intent-filter>\n\t\t   android:name=\"android.provider.action.NewBroad\"/>\n\t</intent-filter>\n</receiver>",
        "C、\n<receiver android:name=\"NewBroad\">\n\t<action\n\t\t  android:name=\"android.provider.action.NewBroad\"/>\n\t <action>\n</receiver>",
        "D、\n<intent-filter>\n\t<receiver android:name=\"NewBroad\">\n\t\t<action>\n\t\t   android:name=\"android.provider.action.NewBroad\"/>\n\t\t<action>\n\t</receiver>\n</intent-filter>"
    ]
}