{
    "type": "choice",
    "tag": "android",
    "difficulty": "1",
    "from": "网络整理",
    "description": "下面关于Android dvm的进程和Linux的进程,应用程序的进程说法正确的是()\n\nA、DVM指dalivk的虚拟机.每一个Android应用程序都在它自己的进程中运行,不一定拥有一个独立的Dalvik虚拟机实例.而每一个DVM都是在Linux中的一个进程,所以说可以认为是同一个概念.\nB、DVM指dalivk的虚拟机.每一个Android应用程序都在它自己的进程中运行,不一定拥有一个独立的Dalvik虚拟机实例.而每一个DVM不一定都是在Linux 中的一个进程,所以说不是一个概念.\nC、DVM指dalivk的虚拟机.每一个Android应用程序都在它自己的进程中运行,都拥有一个独立的Dalvik虚拟机实例.而每一个DVM不一定都是在Linux中的一个进程,所以说不是一个概念.\nD、DVM指dalivk的虚拟机.每一个Android应用程序都在它自己的进程中运行,都拥有一个独立的Dalvik虚拟机实例.而每一个DVM都是在Linux中的一个进程,所以说可以认为是同一个概念.",
    "answer": "答案：D"
}