{
    "type": "reply",
    "tag": "android",
    "difficulty": "1",
    "from": "网络整理",
    "description": "简要解释一下activity、 intent 、intent filter、service、Broadcase、BroadcaseReceiver",
    "answer": "答：一个activity呈现了一个用户可以操作的可视化用户界面\n一个service不包含可见的用户界面，而是在后台无限地运行\n可以连接到一个正在运行的服务中，连接后，可以通过服务中暴露出来的借口与其进行通信\n一个broadcast receiver是一个接收广播消息并作出回应的component，broadcast receiver没有界面\nintent:content provider在接收到ContentResolver的请求时被激活。\nactivity, service和broadcast receiver是被称为intents的异步消息激活的。\n一个intent是一个Intent对象，它保存了消息的内容。对于activity和service来说，它指定了请求的操作名称和待操作数据的URI\nIntent对象可以显式的指定一个目标component。如果这样的话，android会找到这个component(基于manifest文件中的声明)并激活它。但如果一个目标不是显式指定的，android必须找到响应intent的最佳component。\n它是通过将Intent对象和目标的intent filter相比较来完成这一工作的。一个component的intent filter告诉android该component能处理的intent。intent filter也是在manifest文件中声明的。"
}