{
    "type": "reply",
    "tag": "android",
    "difficulty": "1",
    "from": "网络整理",
    "description": "根据自己的理解描述下Android数字签名。",
    "answer": "答：(1)所有的应用程序都必须有数字证书，Android系统不会安装一个没有数字证书的应用程序。\n(2)Android程序包使用的数字证书可以是自签名的，不需要一个权威的数字证书机构签名认证。\n(3)如果要正式发布一个Android，必须使用一个合适的私钥生成的数字证书来给程序签名，而不能使用adt插件或者ant工具生成的调试证书来发布。\n(4)数字证书都是有有效期的，Android只是在应用程序安装的时候才会检查证书的有效期。如果程序已经安装在系统中，即使证书过期也不会影响程序的正常功能。"
}