{
    "type": "reply",
    "tag": "android",
    "difficulty": "1",
    "from": "网络整理",
    "description": "什么是嵌入式实时操作系统, Android 操作系统属于实时操作系统吗?",
    "answer": "答：嵌入式实时操作系统是指当外界事件或数据产生时，能够接受并以足够快的速度予以处理，其处理的结果又能在规定的时间之内来控制生产过程或对处理系统作出快速响应，并控制所有实时任务协调一致运行的嵌入式操作系统。主要用于工业控制、军事设备、航空航天等领域对系统的响应时间有苛刻的要求，这就需要使用实时系统。又可分为软实时和硬实时两种，而android是基于linux内核的，因此属于软实时。"
}