{
    "type": "choice",
    "tag": "android",
    "difficulty": "1",
    "from": "网络整理",
    "description": "<p>在继承中，关于构造方法的说明，下列说法错误的是（）</p>\n",
    "answer": "<p>答案：D</p>\n",
    "options": [
        "<p>A、子类无条件的继承父类的无参构造方法，</p>\n",
        "<p>B、子类可以引用父类中的有参构造方法，使用super关键字，</p>\n",
        "<p>C、如果子类没有构造方法，则父类无参构造方法作为自已的构造方法，</p>\n",
        "<p>D、如果子类有无参构造方法，而父类的无参构造方法则被覆盖。</p>\n"
    ]
}