{
    "type": "choice",
    "tag": "android",
    "difficulty": "1",
    "from": "网络整理",
    "description": "<p>下列属于SAX解析xml文件的优点的是()</p>\n",
    "answer": "<p>答案：B</p>\n",
    "options": [
        "<p>A、将整个文档树在内存中，便于操作，支持删除，修改，重新排列等多种功能</p>\n",
        "<p>B、不用事先调入整个文档，占用资源少</p>\n",
        "<p>C、整个文档调入内存，浪费时间和空间</p>\n",
        "<p>D、不是长久驻留在内存，数据不是持久的，事件过后，若没有保存数据，数据就会消失</p>\n"
    ]
}