{
    "type": "choice",
    "tag": "android",
    "difficulty": "1",
    "from": "网络整理",
    "description": "<p>下列程序段的输出结果是：（）</p>\n<p>void complicatedexpression_r() {\n    int x = 20, y = 30;\n    boolean b;\n    b = x &gt; 50 &amp;&amp; y &gt; 60 || x &gt; 50 &amp;&amp; y &lt; -60 || x &lt; -50 &amp;&amp; y &gt; 60\n            || x &lt; -50 &amp;&amp; y &lt; -60;\n    System.out.println(b);\n}</p>\n",
    "answer": "<p>答案：B</p>\n",
    "options": [
        "<p>A、true</p>\n",
        "<p>B、false</p>\n",
        "<p>C、1</p>\n",
        "<p>D、011.activity</p>\n"
    ]
}