{
    "type": "choice",
    "tag": "android",
    "difficulty": "1",
    "from": "网络整理",
    "description": "<p>关于ContenValues类说法正确的是()</p>\n",
    "answer": "<p>答案：A</p>\n",
    "options": [
        "<p>A、他和Hashtable比较类似，也是负责存储一些名值对，但是他存储的名值对当中的名是String类型，而值都是基本类型</p>\n",
        "<p>B、他和Hashtable比较类似，也是负责存储一些名值对，但是他存储的名值对当中的名是任意类型，而值都是基本类型</p>\n",
        "<p>C、他和Hashtable比较类似，也是负责存储一些名值对，但是他存储的名值对当中的名，可以为空，而值都是String类型</p>\n",
        "<p>D、他和Hashtable比较类似，也是负责存储一些名值对，但是他存储的名值对当中的名是String类型，而值也是String类型</p>\n"
    ]
}