{
    "type": "choice",
    "tag": "android",
    "difficulty": "1",
    "from": "网络整理",
    "description": "<p>java.io包中定义了多个流类型来实现输入和输出功能，可以从不同的角度对其进行分类,按功能分为：(),如果为读取的内容进行处理后再输出，需要使用下列哪种流？()</p>\n",
    "answer": "<p>答案：C,G</p>\n",
    "options": [
        "<p>A、输入流和输出流</p>\n",
        "<p>B、字节流和字符流</p>\n",
        "<p>C、节点流和处理流</p>\n",
        "<p>D、File stream</p>\n",
        "<p>E、Pipe stream</p>\n",
        "<p>F、Random stream</p>\n",
        "<p>G、Filter stream</p>\n"
    ]
}