{
    "type": "choice",
    "tag": "android",
    "difficulty": "1",
    "from": "网络整理",
    "description": "<p>在SQL Server 2005中运行如下T-SQL语句，假定SALES表中有多行数据，执行查询之后的结果是（）。</p>\n<p>BEGIN TRANSACTION A\n    Update SALES Set qty=30 WHERE qty&lt;30\n    BEGIN TRANSACTION B\n        Update SALES Set qty=40 WHERE qty&lt;40\n        Update SALES Set qty=50 WHERE qty&lt;50\n        Update SALES Set qty=60 WHERE qty&lt;60\n    COMMIT　TRANSACTION B\nCOMMIT TRANSACTION A</p>\n",
    "answer": "<p>答案：D</p>\n",
    "options": [
        "<p>A、SALES表中qty列最小值大于等于30</p>\n",
        "<p>B、SALES表中qty列最小值大于等于40</p>\n",
        "<p>C、SALES表中qty列的数据全部为50</p>\n",
        "<p>D、SALES表中qty列最小值大于等于60</p>\n"
    ]
}