{
    "type": "choice",
    "tag": "android",
    "difficulty": "1",
    "from": "网络整理",
    "description": "<p>下面在AndroidManifest.xml文件中注册BroadcastReceiver方式正确的()</p>\n",
    "answer": "<p>答案：A</p>\n",
    "options": [
        "<p>A、</p>\n<receiver android:name=\"NewBroad\">\n    <intent-filter>\n        <action\n           android:name=\"android.provider.action.NewBroad\"/>\n        <action>\n    </intent-filter>\n</receiver>",
        "<p>B、</p>\n<receiver android:name=\"NewBroad\">\n    <intent-filter>\n           android:name=\"android.provider.action.NewBroad\"/>\n    </intent-filter>\n</receiver>",
        "<p>C、</p>\n<receiver android:name=\"NewBroad\">\n    <action\n          android:name=\"android.provider.action.NewBroad\"/>\n     <action>\n</receiver>",
        "<p>D、</p>\n<p><intent-filter>\n    <receiver android:name=\"NewBroad\">\n        <action>\n           android:name=&quot;android.provider.action.NewBroad&quot;/&gt;\n        <action>\n    </receiver>\n&lt;/intent-filter&gt;</p>\n"
    ]
}