{
    "type": "choice",
    "tag": "android",
    "difficulty": "1",
    "from": "网络整理",
    "description": "<p>关于res/raw目录说法正确的是()</p>\n",
    "answer": "<p>答案：A</p>\n",
    "options": [
        "<p>A、这里的文件是原封不动的存储到设备上不会转换为二进制的格式</p>\n",
        "<p>B、这里的文件是原封不动的存储到设备上会转换为二进制的格式</p>\n",
        "<p>C、这里的文件最终以二进制的格式存储到指定的包中</p>\n",
        "<p>D、这里的文件最终不会以二进制的格式存储到指定的包中</p>\n"
    ]
}