{
    "type": "choice",
    "tag": "android",
    "difficulty": "1",
    "from": "网络整理",
    "description": "<p>下列对android NDK的理解正确的是()</p>\n",
    "answer": "<p>答案：ABCD</p>\n",
    "options": [
        "<p>A、NDK是一系列工具的集合</p>\n",
        "<p>B、NDK 提供了一份稳定、功能有限的 API 头文件声明。</p>\n",
        "<p>C、使 “Java+C” 的开发方式终于转正，成为官方支持的开发方式</p>\n",
        "<p>D、NDK 将是 Android 平台支持 C 开发的开端</p>\n"
    ]
}