{
    "type": "choice",
    "tag": "android",
    "difficulty": "1",
    "from": "网络整理",
    "description": "<p>android 关于service生命周期的onCreate()和onStart()说法正确的是()(多选题)</p>\n",
    "answer": "<p>答案：AD</p>\n",
    "options": [
        "<p>A、当第一次启动的时候先后调用onCreate()和onStart()方法</p>\n",
        "<p>B、当第一次启动的时候只会调用onCreate()方法</p>\n",
        "<p>C、如果service已经启动，将先后调用onCreate()和onStart()方法</p>\n",
        "<p>D、如果service已经启动，只会执行onStart()方法，不在执行onCreate()方法</p>\n"
    ]
}