{
    "type": "choice",
    "tag": "android",
    "difficulty": "1",
    "from": "网络整理",
    "description": "<p>以下程序的运行结果为（）</p>\n<p>public class IfTest {\n    public static void main(String args[]) {\n        int x = 3;\n        int y = 1;\n        if (x == y)\n            System.out.println(&quot;Not equal&quot;);\n        else\n            System.out.println(&quot;Equal&quot;);\n    }\n}</p>\n",
    "answer": "<p>答案：B</p>\n",
    "options": [
        "<p>A、Not equal</p>\n",
        "<p>B、Equal</p>\n",
        "<p>C、无输出</p>\n",
        "<p>D、编译出错</p>\n"
    ]
}