{
    "type": "choice",
    "tag": "android",
    "difficulty": "1",
    "from": "网络整理",
    "description": "<p>android 中下列属于Intent的作用的是()</p>\n",
    "answer": "<p>答案：C</p>\n",
    "options": [
        "<p>A、实现应用程序间的数据共享</p>\n",
        "<p>B、是一段长的生命周期，没有用户界面的程序，可以保持应用在后台运行，而不会因为切换页面而消失</p>\n",
        "<p>C、可以实现界面间的切换，可以包含动作和动作数据，连接四大组件的纽带</p>\n",
        "<p>D、处理一个应用程序整体性的工作</p>\n"
    ]
}