{
    "type": "choice",
    "tag": "android",
    "difficulty": "1",
    "from": "网络整理",
    "description": "<p>下面是属于GLSurFaceView特性的是()(多选)</p>\n",
    "answer": "<p>答案：ABC</p>\n",
    "options": [
        "<p>A、管理一个surface，这个surface就是一块特殊的内存，能直接排版到android的视图view上。</p>\n",
        "<p>B、管理一个EGL display，它能让opengl把内容渲染到上述的surface上。</p>\n",
        "<p>C、让渲染器在独立的线程里运作，和UI线程分离。</p>\n",
        "<p>D、可以直接从内存或者DMA等硬件接口取得图像数据</p>\n"
    ]
}