{
    "type": "reply",
    "tag": "android",
    "difficulty": "1",
    "from": "网络整理",
    "description": "<p>Manifest.xml文件中主要包括哪些信息？</p>\n",
    "answer": "<p>答：manifest：根节点，描述了package中所有的内容。\nuses-permission：请求你的package正常运作所需赋予的安全许可。\npermission：声明了安全许可来限制哪些程序能你package中的组件和功能。\ninstrumentation：声明了用来测试此package或其他package指令组件的代码。\napplication：包含package中application级别组件声明的根节点。\nactivity：Activity是用来与用户交互的主要工具。\nreceiver：IntentReceiver能使的application获得数据的改变或者发生的操作，即使它当前不在运行。\nservice：Service是能在后台运行任意时间的组件。\nprovider：ContentProvider是用来管理持久化数据并发布给其他应用程序使用的组件。</p>\n",
    "options": []
}