{
    "type": "reply",
    "tag": "android",
    "difficulty": "1",
    "from": "网络整理",
    "description": "<p>Android本身的api并未声明会抛出异常，则其在运行时有无可能抛出runtime异常，你遇到过吗？诺有的话会导致什么问题？如何解决？</p>\n",
    "answer": "<p>答：会，比如nullpointerException。我遇到过，比如textview.setText()时，textview没有初始化。会导致程序无法正常运行出现forceclose。打开控制台查看logcat信息找出异常信息并修改程序。</p>\n",
    "options": []
}