{
    "type": "reply",
    "tag": "android",
    "difficulty": "1",
    "from": "网络整理",
    "description": "<p>如何退出Activity？如何安全退出已调用多个Activity的Application？</p>\n",
    "answer": "<p>答：对于单一Activity的应用来说，退出很简单，直接finish()即可。当然，也可以用killProcess()和System.exit()这样的方法。\n对于多个activity，1、记录打开的Activity：每打开一个Activity，就记录下来。在需要退出时，关闭每一个Activity即可。2、发送特定广播：在需要结束应用时，发送一个特定的广播，每个Activity收到广播后，关闭即可。3、递归退出：在打开新的Activity时使用startActivityForResult，然后自己加标志，在onActivityResult中处理，递归关闭。为了编程方便，最好定义一个Activity基类，处理这些共通问题。\n在2.1之前，可以使用ActivityManager的restartPackage方法。\n它可以直接结束整个应用。在使用时需要权限android.permission.RESTART_PACKAGES。\n注意不要被它的名字迷惑。\n可是，在2.2，这个方法失效了。在2.2添加了一个新的方法，killBackground Processes()，需要权限android.permission.KILL_BACKGROUND_PROCESSES。可惜的是，它和2.2的restartPackage一样，根本起不到应有的效果。\n另外还有一个方法，就是系统自带的应用程序管理里，强制结束程序的方法，forceStopPackage()。它需要权限android.permission.FORCE_STOP_PACKAGES。并且需要添加android:sharedUserId=&quot;android.uid.system&quot;属性。同样可惜的是，该方法是非公开的，他只能运行在系统进程，第三方程序无法调用。\n因为需要在Android.mk中添加LOCAL_CERTIFICATE := platform。\n而Android.mk是用于在Android源码下编译程序用的。\n从以上可以看出，在2.2，没有办法直接结束一个应用，而只能用自己的办法间接办到。\n现提供几个方法，供参考：</p>\n<h4 id=\"1%E3%80%81%E6%8A%9B%E5%BC%82%E5%B8%B8%E5%BC%BA%E5%88%B6%E9%80%80%E5%87%BA%EF%BC%9A\">1、抛异常强制退出：</h4>\n<p>该方法通过抛异常，使程序Force Close。\n验证可以，但是，需要解决的问题是，如何使程序结束掉，而不弹出Force Close的窗口。</p>\n<h4 id=\"2%E3%80%81%E8%AE%B0%E5%BD%95%E6%89%93%E5%BC%80%E7%9A%84activity%EF%BC%9A\">2、记录打开的Activity：</h4>\n<p>每打开一个Activity，就记录下来。在需要退出时，关闭每一个Activity即可。</p>\n<h4 id=\"3%E3%80%81%E5%8F%91%E9%80%81%E7%89%B9%E5%AE%9A%E5%B9%BF%E6%92%AD%EF%BC%9A\">3、发送特定广播：</h4>\n<p>在需要结束应用时，发送一个特定的广播，每个Activity收到广播后，关闭即可。</p>\n<h4 id=\"4%E3%80%81%E9%80%92%E5%BD%92%E9%80%80%E5%87%BA\">4、递归退出</h4>\n<p>在打开新的Activity时使用startActivityForResult，然后自己加标志，在onActivityResult中处理，递归关闭。\n除了第一个，都是想办法把每一个Activity都结束掉，间接达到目的。但是这样做同样不完美。你会发现，如果自己的应用程序对每一个Activity都设置了nosensor，在两个Activity结束的间隙，sensor可能有效了。但至少，我们的目的达到了，而且没有影响用户使用。为了编程方便，最好定义一个Activity基类，处理这些共通问题。</p>\n",
    "options": []
}