{
    "type": "reply",
    "tag": "android",
    "difficulty": "1",
    "from": "网络整理",
    "description": "<p>AIDL的全称是什么？如何工作？能处理哪些类型的数据？</p>\n",
    "answer": "<p>答：全称是：Android Interface Define Language\n在Android中,每个应用程序都可以有自己的进程.在写UI应用的时候,经常要用到Service.在不同的进程中,怎样传递对象呢?显然,Java中不允许跨进程内存共享.因此传递对象,只能把对象拆分成操作系统能理解的简单形式,以达到跨界对象访问的目的.在J2EE中,采用RMI的方式,可以通过序列化传递对象. 在Android中, 则采用AIDL的方式. 理论上AIDL可以传递Bundle,实际上做起来却比较麻烦。\nAIDL(AndRoid接口描述语言)是一种借口描述语言; 编译器可以通过aidl文件生成一段代码，通过预先定义的接口达到两个进程内部通信进程的目的. 如果需要在一个Activity中,访问另一个Service中的某个对象,需要先将对象转化成AIDL可识别的参数(可能是多个参数),然后使用AIDL来传递这些参数, 在消息的接收端, 使用这些参数组装成自己需要的对象.\nAIDL的IPC的机制和COM或CORBA类似,是基于接口的，但它是轻量级的。它使用代理类在客户端和实现层间传递值.如果要使用AIDL,需要完成2件事情: 1. 引入AIDL的相关类.; 2. 调用aidl产生的class.</p>\n<h4 id=\"aidl%E7%9A%84%E5%88%9B%E5%BB%BA%E6%96%B9%E6%B3%95\">AIDL的创建方法:</h4>\n<p>AIDL语法很简单,可以用来声明一个带一个或多个方法的接口，也可以传递参数和返回值。由于远程调用的需要,这些参数和返回值并不是任何类型.下面是些AIDL支持的数据类型:</p>\n<ol>\n<li>不需要import声明的简单Java编程语言类型(int,boolean等)</li>\n<li>String, CharSequence不需要特殊声明</li>\n<li>List, Map和Parcelables类型, 这些类型内所包含的数据成员也只能是简单数据类型, String等其他比支持的类型.\n(另外: 我没尝试Parcelables, 在Eclipse+ADT下编译不过, 或许以后会有所支持)</li>\n</ol>\n",
    "options": []
}