{
    "type": "reply",
    "tag": "android",
    "difficulty": "1",
    "from": "网络整理",
    "description": "<p>Android中Activity, Intent, Content Provider, Service各有什么区别。</p>\n",
    "answer": "<p>答：\nActivity：活动，是最基本的android应用程序组件。一个活动就是一个单独的屏幕，每一个活动都被实现为一个独立的类，并且从活动基类继承而来。\nIntent：意图，描述应用想干什么。最重要的部分是动作和动作对应的数据。\nContent Provider：内容提供器，android应用程序能够将它们的数据保存到文件、SQLite数据库中，甚至是任何有效的设备中。当你想将你的应用数据和其他应用共享时，内容提供器就可以发挥作用了。\nService：服务，具有一段较长生命周期且没有用户界面的程序。</p>\n",
    "options": []
}