{
    "type": "reply",
    "tag": "android",
    "difficulty": "1",
    "from": "网络整理",
    "description": "<p>NDK是什么</p>\n",
    "answer": "<p>NDK是一些列工具的集合，NDK提供了一系列的工具，帮助开发者迅速的开发C/C++的动态库，并能自动将so和java 应用打成apk包。\nNDK集成了交叉编译器，并提供了相应的mk文件和隔离cpu、平台等的差异，开发人员只需简单的修改mk文件就可以创建出so</p>\n",
    "options": []
}