{
    "type": "reply",
    "tag": "android",
    "difficulty": "1",
    "from": "网络整理",
    "description": "<p>调用与被调用：我们的通信使者Intent</p>\n",
    "answer": "<p>答：要说Intent了，Intent就是这个这个意图 ，应用程序间Intent进行交流，打个电话啦，来个 电话啦都会发Intent, 这个是Android架构的松耦合的精髓部分，大大提高了组件的复用性，比如你要在你的应用程序中点击按钮，给某人打电话，很简单啊，看下代码先：</p>\n<pre><code>Intent intent = new Intent();\nintent.setAction(Intent.ACTION_CALL);\nintent.setData(Uri.parse(&quot;tel:&quot; + number));\nstartActivity(intent);\nIntent intent = new Intent();\nintent.setAction(Intent.ACTION_CALL);\nintent.setData(Uri.parse(&quot;tel:&quot; + number));\nstartActivity(intent);\n</code></pre><p>扔出这样一个意图，系统看到了你的意图就唤醒了电话拨号程序，打出来电话。什么读联系人，发短信啊，邮件啊，统统只需要扔出intent就好了，这个部分设计 地确实很好啊。\n那Intent通过什么来告诉系统需要谁来接受他呢?\n通常使用Intent有两种方法，第一种是直接说明需要哪一个类来接收代码如下:</p>\n<pre><code>Intent intent = new Intent(this, MyActivity.class);\nintent.getExtras().putString(&quot;id&quot;, &quot;1&quot;);\nStartActivity(intent);\nIntent intent = new Intent(this, MyActivity.class);\nintent.getExtras().putString(&quot;id&quot;, &quot;1&quot;);\nStartActivity(intent);\n</code></pre><p>第一种方式很明显，直接指定了MyActivity为接受者,并且传了一些数据给MyActivity，在MyActivity里可以用getIntent()来的到这个intent和数据。\n第二种就需要先看一下AndroidMenifest中的intentfilter的配置了\nXml代码</p>\n<pre><code>&lt;intent-filter&gt;\n    &lt;action android:name=&quot;android.intent.action.VIEW&quot; /&gt;\n    &lt;action android:value=&quot;android.intent.action.EDIT&quot; /&gt;\n    &lt;action android:value=&quot;android.intent.action.PICK&quot; /&gt;\n    &lt;category android:name=&quot;android.intent.category.DEFAULT&quot; /&gt;\n    &lt;data android:mimeType=&quot;vnd.android.cursor.dir/vnd.google.note&quot; /&gt;\n&lt;/intent-filter&gt;\n</code></pre><p>这里面配置用到了action, data, category这些东西，那么聪明的你一定想到intent里也会有这些东西，然后一匹配不就找到接收者了吗?\naction其实就是一个意图的字符串名称。\n上面这段intent-filter的配置文件说明了这个Activity可以接受不同的Action，当然相应的程序逻辑也不一样咯,提一下那个mimeType,他是在ContentProvider里定义的，你要是自己实现一个ContentProvider就知道了，必须指定 mimeType才能让数据被别人使用。\n不知道原理说明白没，总结一句，就是你调用别的界面不是直接new那个界面，而是通过扔出一个intent，让系统帮你去调用那个界面，这样就多么松藕合啊，而且符合了生命周期被系统管理的原则。\n想知道category都有啥，Android为你预先定制好的action都有啥等等，请亲自访问官方链接Intent\nps:想知道怎么调用系统应用程序的同学，可以仔细看一下你的logcat，每次运行一个程序的时候是不是有一些信息比如:</p>\n<pre><code>Starting activity: Intent { action=android.intent.action.MAINcategories={android.intent.category.LAUNCHER} flags=0x10200000comp={com.android.camera/com.android.camera.GalleryPicker} }\n</code></pre>",
    "options": []
}