{
    "type": "reply",
    "tag": "android",
    "difficulty": "1",
    "from": "网络整理",
    "description": "<p>横竖屏切换时候activity的生命周期?</p>\n",
    "answer": "<p>1、不设置Activity的android:configChanges时，切屏会重新调用各个生命周期，切横屏时会执行一次，切竖屏时会执行两次\n2、设置Activity的android:configChanges=&quot;orientation&quot;时，切屏还是会重新调用各个生命周期，切横、竖屏时只会执行一次\n3、设置Activity的android:configChanges=&quot;orientation|keyboardHidden&quot;时，切屏不会重新调用各个生命周期，只会执行onConfigurationChanged方法</p>\n",
    "options": []
}