{
    "type": "reply",
    "tag": "android",
    "difficulty": "1",
    "from": "网络整理",
    "description": "<p>如何将打开res raw目录中的数据库文件?</p>\n",
    "answer": "<p>解答：在Android中不能直接打开res raw目录中的数据库文件，而需要在程序第一次启动时将该文件复制到手机内存或SD卡的某个目录中，然后再打开该数据库文件。复制的基本方法是使用getResources().openRawResource方法获得res raw目录中资源的InputStream对象，然后将该InputStream对象中的数据写入其他的目录中相应文件中。在Android SDK中可以使用SQLiteDatabase.openOrCreateDatabase方法来打开任意目录中的SQLite数据库文件。</p>\n",
    "options": []
}