{
    "type": "reply",
    "tag": "android",
    "difficulty": "1",
    "from": "网络整理",
    "description": "<p>程序运行的结果是：<strong><strong>__</strong></strong>。</p>\n<p>public class Example {\n    String str = new String(&quot;good&quot;);\n    char[] ch = { &#39;a&#39;, &#39;b&#39;, &#39;c&#39; };\n    public static void main(String args[]) {\n        Example ex = new Example();\n        ex.change(ex.str, ex.ch);\n        System.out.print(ex.str + &quot; and &quot;);\n        Sytem.out.print(ex.ch);\n    }\n    public void change(String str, char ch[]) {\n        str = &quot;test ok&quot;;\n        ch[0] = &#39;g&#39;;\n    }\n}</p>\n",
    "answer": "<p>答案：good and gbc</p>\n",
    "options": []
}