{
    "type": "reply",
    "tag": "android",
    "difficulty": "1",
    "from": "网络整理",
    "description": "<p>请使用命令行的方式创建一个名字为myAvd,sdk版本为2.2,sd卡是在d盘的根目录下,名字为scard.img，并指定屏幕大小HVGA.<strong><strong><strong><strong><strong><strong><strong><strong><em>__</em></strong></strong></strong></strong></strong></strong></strong></strong>。</p>\n",
    "answer": "<p>答案：adnroid create acd -n myAvd -t 8 -s HVDA - C d:\\card.img</p>\n",
    "options": []
}