{
    "type": "choice",
    "tag": "android",
    "difficulty": "1",
    "from": "网络整理",
    "description": "\n以下程序的运行结果为（）\n\npublic class IfTest {\n\tpublic static void main(String args[]) {\n\t\tint x = 3;\n\t\tint y = 1;\n\t\tif (x == y)\n\t\t\tSystem.out.println(\"Not equal\");\n\t\telse\n\t\t\tSystem.out.println(\"Equal\");\n\t}\n}\n",
    "answer": "答案：B",
    "options": [
        "A、Not equal",
        "B、Equal",
        "C、无输出",
        "D、编译出错"
    ]
}