{
    "type": "choice",
    "tag": "android",
    "difficulty": "1",
    "from": "网络整理",
    "description": "\n下面是属于GLSurFaceView特性的是()(多选)\n",
    "answer": "答案：ABC",
    "options": [
        "A、管理一个surface，这个surface就是一块特殊的内存，能直接排版到android的视图view上。",
        "B、管理一个EGL display，它能让opengl把内容渲染到上述的surface上。",
        "C、让渲染器在独立的线程里运作，和UI线程分离。",
        "D、可以直接从内存或者DMA等硬件接口取得图像数据"
    ]
}