{
    "type": "choice",
    "tag": "android",
    "difficulty": "1",
    "from": "网络整理",
    "description": "\nandroid 中下列属于Intent的作用的是()\n",
    "answer": "答案：C",
    "options": [
        "A、实现应用程序间的数据共享",
        "B、是一段长的生命周期，没有用户界面的程序，可以保持应用在后台运行，而不会因为切换页面而消失",
        "C、可以实现界面间的切换，可以包含动作和动作数据，连接四大组件的纽带",
        "D、处理一个应用程序整体性的工作"
    ]
}