{
    "type": "choice",
    "tag": "android",
    "difficulty": "1",
    "from": "网络整理",
    "description": "\n下面的对自定style的方式正确的是（）\n",
    "answer": "答案：A",
    "options": [
        "A、\n<resources>\n\t<style name=\"myStyle\">\n\t\t<item name=\"android:layout_width\">fill_parent</item>\n\t</style>\n</resources>",
        "B、\n<style name=\"myStyle\">\n\t<item name=\"android:layout_width\">fill_parent</item>\n</style>",
        "C、\n<resources>\n\t<item name=\"android:layout_width\">fill_parent</item>\n</resources>",
        "D、\n<resources>\n\t<style name=\"android:layout_width\">fill_parent</style>\n</resources>"
    ]
}