{
    "type": "choice",
    "tag": "android",
    "difficulty": "1",
    "from": "网络整理",
    "description": "\n关于res/raw目录说法正确的是()\n",
    "answer": "答案：A",
    "options": [
        "A、这里的文件是原封不动的存储到设备上不会转换为二进制的格式",
        "B、这里的文件是原封不动的存储到设备上会转换为二进制的格式",
        "C、这里的文件最终以二进制的格式存储到指定的包中",
        "D、这里的文件最终不会以二进制的格式存储到指定的包中"
    ]
}