{
    "type": "reply",
    "tag": "android",
    "difficulty": "1",
    "from": "网络整理",
    "description": "谈谈Android的IPC（进程间通信）机制",
    "answer": "IPC是内部进程通信的简称，是共享\"命名管道\"的资源。Android中的IPC机制是为了让Activity和Service之间可以随时的进行交互，故在Android中该机制，只适用于Activity和Service之间的通信，类似于远程方法调用，类似于C/S模式的访问。通过定义AIDL接口文件来定义IPC接口。Servier端实现IPC接口，Client端调用IPC接口本地代理。",
    "options": []
}