{
    "type": "reply",
    "tag": "android",
    "difficulty": "1",
    "from": "网络整理",
    "description": "android中的动画有哪几类，它们的特点和区别是什么?",
    "answer": "答：两种，一种是Tween动画、还有一种是Frame动画。Tween动画，这种实现方式可以使视图组件移动、放大、缩小以及产生透明度的变化;另一种Frame动画，传统的动画方法，通过顺序的播放排列好的图片来实现，类似电影。",
    "options": []
}