{
    "type": "reply",
    "tag": "android",
    "difficulty": "1",
    "from": "网络整理",
    "description": "Service和Thread的区别？",
    "answer": "答：servie是系统的组件，它由系统进程托管（servicemanager）；它们之间的通信类似于client和server，是一种轻量级的ipc通信，这种通信的载体是binder，它是在linux层交换信息的一种ipc。而thread是由本应用程序托管。\n1). Thread：Thread是程序执行的最小单元，它是分配CPU的基本单位。可以用 Thread 来执行一些异步的操作。\n2). Service：Service是android的一种机制，当它运行的时候如果是Local Service，那么对应的Service是运行在主进程的main线程上的。如：onCreate，onStart 这些函数在被系统调用的时候都是在主进程的 main 线程上运行的。如果是Remote Service，那么对应的 Service 则是运行在独立进程的 main 线程上。\n既然这样，那么我们为什么要用Service呢？其实这跟android的系统机制有关，我们先拿Thread来说。Thread的运行是独立于Activity的，也就是说当一个Activity被finish之后，如果你没有主动停止Thread或者Thread里的run方法没有执行完毕的话，Thread也会一直执行。因此这里会出现一个问题：当 Activity 被 finish 之后，你不再持有该 Thread 的引用。另一方面，你没有办法在不同的 Activity 中对同一Thread进行控制。  \n举个例子：如果你的Thread需要不停地隔一段时间就要连接服务器做某种同步的话，该Thread需要在Activity没有start的时候也在运行。这个时候当你start一个Activity就没有办法在该Activity里面控制之前创建的Thread。因此你便需要创建并启动一个Service，在Service里面创建、运行并控制该 Thread，这样便解决了该问题（因为任何 Activity 都可以控制同一Service，而系统也只会创建一个对应Service的实例）。  \n因此你可以把Service想象成一种消息服务，而你可以在任何有Context的地方调用Context.startService、Context.stopService、Context.bindService，Context.unbindService，来控制它，你也可以在Service里注册BroadcastReceiver，在其他地方通过发送broadcast来控制它，当然这些都是 Thread 做不到的。",
    "options": []
}