{
    "type": "reply",
    "tag": "android",
    "difficulty": "1",
    "from": "网络整理",
    "description": "谈谈android数据存储方式。",
    "answer": "答：Android提供了5种方式存储数据：\n（1）使用SharedPreferences存储数据；它是Android提供的用来存储一些简单配置信息的一种机制，采用了XML格式将数据存储到设备中。只能在同一个包内使用，不能在不同的包之间使用。\n（2）文件存储数据；文件存储方式是一种较常用的方法，在Android中读取/写入文件的方法，与Java中实现I/O的程序是完全一样的，提供了openFileInput()和openFileOutput()方法来读取设备上的文件。\n（3）SQLite数据库存储数据；SQLite是Android所带的一个标准的数据库，它支持SQL语句，它是一个轻量级的嵌入式数据库。\n（4）使用ContentProvider存储数据；主要用于应用程序之间进行数据交换，从而能够让其他的应用保存或读取此Content Provider的各种数据类型。\n（5）网络存储数据；通过网络上提供给我们的存储空间来上传(存储)和下载(获取)我们存储在网络空间中的数据信息。",
    "options": []
}